feature_name,importance
v258_imputed,0.052431137387172824
log_transactionamt_imputed,0.04070779723383391
c14_imputed,0.03641737854826789
card2_imputed,0.035633619894572414
card1_imputed,0.034289797166720676
v294_imputed,0.032592050890862895
c1_imputed,0.028141982704267696
addr1_imputed,0.026103948416779016
c13_imputed,0.025722057569257408
d3_imputed,0.019946682001935903
card5_imputed,0.019331358551542523
c2_imputed,0.01855996176277252
event_day_imputed,0.018554085827259117
c6_imputed,0.018235755903929445
d2_imputed,0.018023045927216666
r_emaildomain_ohe_gmail.com,0.01777066148003034
d15_imputed,0.017686452068588952
v201_imputed,0.015528235637923396
c8_imputed,0.014989202464070588
dist1_imputed,0.014704409853771578
transactiondt_imputed,0.014148725986064084
d4_imputed,0.014131830553689634
d1_imputed,0.013495285112400952
d10_imputed,0.013411862919529652
event_hour_sin_imputed,0.012553168953047446
c9_imputed,0.011331235042096897
card3_imputed,0.010466318285623614
c11_imputed,0.009828492653863544
v296_imputed,0.009636459456366648
m6_ohe_F,0.009436476855584141
d11_imputed,0.009286640675059984
m5_ohe_T,0.008726244905696791
event_hour_cos_imputed,0.008292266394943015
event_minute_sin_imputed,0.0075042699893594625
event_minute_cos_imputed,0.007441762264494858
v310_imputed,0.007291609008233107
c5_imputed,0.0072908101050232444
card6_ohe_credit,0.0068642163717068235
v48_imputed,0.006466977469858333
m4_ohe___MISSING__,0.006364376542651417
event_second_sin_imputed,0.006220719392674026
v76_imputed,0.006218030055678771
m4_ohe_M0,0.006095251565901245
v281_imputed,0.006072858877380424
d8_imputed,0.005986827167494314
v285_imputed,0.005973842582461189
m5_ohe_F,0.005917053423080106
v307_imputed,0.005908186501368612
card6_ohe_debit,0.00586296002233383
v317_imputed,0.005836321973237658
v187_imputed,0.005675906627912361
d5_imputed,0.005314350674989693
v83_imputed,0.005243456800301378
p_emaildomain_ohe_anonymous.com,0.0052432002885758906
v90_imputed,0.004996205550308463
m6_ohe_T,0.004967714776883677
id_01_ohe_-50.0,0.004961733387110017
event_second_cos_imputed,0.004915864445749462
v283_imputed,0.00474976819434726
v96_imputed,0.004434297032545605
c4_imputed,0.004352092562810378
productcd_ohe_R,0.004330084026338832
v75_imputed,0.004282562743187796
card4_ohe_discover,0.0041976564408935674
v87_imputed,0.004151296363769218
v45_imputed,0.004059219107307084
r_emaildomain_ohe_hotmail.com,0.004058361857644379
v54_imputed,0.004032071737674853
p_emaildomain_ohe___MISSING__,0.003927565100198885
v315_imputed,0.0038679541314863134
v127_imputed,0.0038358722244603957
id_17_ohe_225.0,0.0037757036800105865
p_emaildomain_ohe___OTHER__,0.0037354590337067297
c10_imputed,0.003655004025648054
v55_imputed,0.003588374554702933
v291_imputed,0.003391810804084869
m4_ohe_M1,0.0033020907084051177
productcd_ohe_H,0.003277670683021228
p_emaildomain_ohe_yahoo.com,0.003163069646461334
v131_imputed,0.003147521108374295
v314_imputed,0.0031310990470057435
c12_imputed,0.003068536961854033
m4_ohe_M2,0.0030558945091718063
r_emaildomain_ohe_anonymous.com,0.0029927814498104327
v74_imputed,0.0028170075905709613
v264_imputed,0.0026868467040651214
v70_imputed,0.002643827463528418
p_emaildomain_ohe_hotmail.com,0.0025338021536722446
v265_imputed,0.002298004488053265
v130_imputed,0.0022958446005971926
v289_imputed,0.002217615580050249
v312_imputed,0.0021690827423205476
p_emaildomain_ohe_aol.com,0.001993896890122704
v313_imputed,0.0019136620009966015
m6_ohe___MISSING__,0.0018934227117190082
p_emaildomain_ohe_comcast.net,0.0018587164012199844
v308_imputed,0.001847677911463293
v133_imputed,0.0018201284542371775
v126_imputed,0.0018125316750553224
v203_imputed,0.001809478106005667
v128_imputed,0.0018066998366057616
card4_ohe_mastercard,0.0018000252634963734
id_36_ohe_F,0.001765905590915689
card4_ohe_visa,0.0017656459504365183
v40_imputed,0.001750058700525203
v287_imputed,0.0016968035129913028
email_domain_match_imputed,0.0016873059310388294
v49_imputed,0.0016641769759813743
m5_ohe___MISSING__,0.0016585357698631076
v69_imputed,0.00165542592840163
p_emaildomain_ohe_msn.com,0.0016263119545371421
r_emaildomain_ohe___OTHER__,0.0016197764367929363
v279_imputed,0.001553641231102275
v95_imputed,0.0013841601473324628
v274_imputed,0.0013185945637332608
id_01_ohe_0.0,0.0013091108400983143
p_emaildomain_ohe_outlook.com,0.0012768754941099671
p_emaildomain_ohe_gmail.com,0.0012566220192948658
id_36_ohe_T,0.001248799675299496
v318_imputed,0.0012173983353048025
v102_imputed,0.0011393308672955765
v99_imputed,0.0010991666787189991
p_emaildomain_ohe_att.net,0.0010881233806293998
id_17_ohe_166.0,0.0010855415268778096
v134_imputed,0.0010847254238982177
v132_imputed,0.0010288335233277813
r_emaildomain_ohe_yahoo.com,0.0009337965981540016
v33_imputed,0.0009213782939571291
v199_imputed,0.0009193246060836634
v171_imputed,0.0008763090596380276
v168_imputed,0.0008542549012489026
v10_imputed,0.0008492662637671251
card4_ohe_american express,0.000823698389856368
v190_imputed,0.0007915244322445619
id_01_ohe_-5.0,0.0007830370383008794
p_emaildomain_ohe_icloud.com,0.0007490289927914483
v204_imputed,0.0007449863072636172
id_12_ohe_NotFound,0.0007302256069597978
v293_imputed,0.0007190387936717584
v30_imputed,0.0006501379954189444
v280_imputed,0.0006474616721149024
r_emaildomain_ohe_aol.com,0.0006370929442823922
v103_imputed,0.0006213834309054892
id_01_ohe_-10.0,0.000616364952137427
r_emaildomain_ohe_outlook.com,0.0006072223105020813
v306_imputed,0.0005818140058038032
v231_imputed,0.0005769614233726091
id_01_ohe_-35.0,0.0005540610583989915
v230_imputed,0.0005460532707818862
v316_imputed,0.0005454893303386833
id_01_ohe_-25.0,0.0005408637667523087
id_01_ohe_-20.0,0.0005399941730015324
v282_imputed,0.0005237028029285515
v29_imputed,0.0005099993878847192
v52_imputed,0.0004943006348454438
id_28_ohe_New,0.00048654691474834323
v79_imputed,0.00047203230529269384
id_01_ohe_-15.0,0.00047014718152643925
id_12_ohe_Found,0.0004430686719446973
r_emaildomain_ohe_live.com,0.00043742921642425214
id_17_ohe___OTHER__,0.00042920521342030497
v232_imputed,0.0004252281125723712
r_emaildomain_ohe_outlook.es,0.000406386629548356
r_emaildomain_ohe_comcast.net,0.0004020451390459544
id_11_ohe_96.66999816894531,0.0003897443656519289
id_01_ohe___OTHER__,0.00037292492787222465
id_11_ohe___OTHER__,0.00037146062747052074
v177_imputed,0.0003092600329882433
v202_imputed,0.0002839494092407994
id_29_ohe_Found,0.00027937005307978317
id_11_ohe_95.6500015258789,0.0002712008408131746
r_emaildomain_ohe___MISSING__,0.00026714449722006376
id_17_ohe_148.0,0.0002479827117332324
id_11_ohe_97.13999938964844,0.00022475914056667166
v233_imputed,0.00021868590032044725
v91_imputed,0.0002179971580638435
id_11_ohe_100.0,0.00019129244813601015
id_01_ohe_-45.0,0.0001909343482230434
r_emaildomain_ohe_icloud.com,0.000186408957559597
v295_imputed,0.00018489818969249605
v246_imputed,0.000184404745741514
v217_imputed,0.00014453545364095583
id_35_ohe_F,0.00014248370427833668
id_17_ohe_100.0,0.0001379750016896865
id_11_ohe_95.16000366210938,8.984159337301175e-05
id_17_ohe_102.0,8.902324203546652e-05
id_17_ohe___MISSING__,8.900420060337074e-05
id_11_ohe_97.12000274658205,7.503867686525983e-05
card6_ohe___MISSING__,6.310166487357857e-05
id_28_ohe_Found,5.947425405562576e-05
c7_imputed,5.7978561451276624e-05
v263_imputed,5.009633790044744e-05
id_36_ohe___MISSING__,4.817219181116282e-05
id_01_ohe_-100.0,4.2324412910913106e-05
id_17_ohe_106.0,3.5219668380703874e-05
identity_present_imputed,3.06194694158837e-05
id_17_ohe_121.0,2.7398911927902635e-05
productcd_ohe_S,2.6243489701176805e-05
id_17_ohe_159.0,2.609526606211067e-05
card4_ohe___MISSING__,0.0
id_01_ohe___MISSING__,0.0
id_11_ohe_94.29000091552734,0.0
id_11_ohe_95.08000183105469,0.0
id_11_ohe_96.72000122070312,0.0
id_11_ohe_97.5,0.0
id_11_ohe___MISSING__,0.0
id_12_ohe___MISSING__,0.0
id_17_ohe_110.0,0.0
id_17_ohe_199.0,0.0
id_28_ohe___MISSING__,0.0
id_29_ohe_NotFound,0.0
id_29_ohe___MISSING__,0.0
id_35_ohe_T,0.0
id_35_ohe___MISSING__,0.0
productcd_ohe_C,0.0
productcd_ohe_W,0.0
transactionamt_imputed,0.0
v257_imputed,0.0
